filename,sum_functional_terms,sum_terms,cluster,rank
01655515221112844,30,8724,data science,0.0034387895460797797
01655515221112844,35,8724,mlops,0.004011921137093076
01655515221112844,1,8724,software engineering,0.00011462631820265933
01655515221112844,91,8724,xai/tai,0.010430994956442
01655515221112844,157,8724,,0.017996331957817514
01655515221112844_121026,30,8724,data science,0.0034387895460797797
01655515221112844_121026,1,8724,infrastructure,0.00011462631820265933
01655515221112844_121026,35,8724,mlops,0.004011921137093076
01655515221112844_121026,1,8724,software engineering,0.00011462631820265933
01655515221112844_121026,91,8724,xai/tai,0.010430994956442
01655515221112844_121026,158,8724,,0.018110958276020175
05_56,1,3657,achitecture,0.00027344818156959256
05_56,8,3657,data science,0.0021875854525567405
05_56,29,3657,mlops,0.007929997265518185
05_56,5,3657,software engineering,0.0013672409078479629
05_56,1,3657,xai/tai,0.00027344818156959256
05_56,44,3657,,0.012031719989062073
1-s2.0-S0933365722001750-main,4,16386,cloud,0.00024411082631514708
1-s2.0-S0933365722001750-main,31,16386,data science,0.0018918589039423899
1-s2.0-S0933365722001750-main,3,16386,infrastructure,0.0001830831197363603
1-s2.0-S0933365722001750-main,25,16386,mlops,0.0015256926644696693
1-s2.0-S0933365722001750-main,3,16386,software engineering,0.0001830831197363603
1-s2.0-S0933365722001750-main,207,16386,xai/tai,0.012632735261808862
1-s2.0-S0933365722001750-main,273,16386,,0.016660563896008788
1-s2.0-S0952197622004626-main,89,27522,achitecture,0.003233776615071579
1-s2.0-S0952197622004626-main,12,27522,cloud,0.0004360148245040331
1-s2.0-S0952197622004626-main,100,27522,data science,0.003633456870866943
1-s2.0-S0952197622004626-main,2,27522,infrastructure,7.266913741733885e-05
1-s2.0-S0952197622004626-main,137,27522,mlops,0.004977835913087711
1-s2.0-S0952197622004626-main,11,27522,software engineering,0.0003996802557953637
1-s2.0-S0952197622004626-main,5,27522,xai/tai,0.00018167284354334714
1-s2.0-S0952197622004626-main,356,27522,,0.012935106460286316
1-s2.0-S1566253521002414-main,1,14742,cloud,6.78334011667345e-05
1-s2.0-S1566253521002414-main,18,14742,data science,0.001221001221001221
1-s2.0-S1566253521002414-main,3,14742,infrastructure,0.0002035002035002035
1-s2.0-S1566253521002414-main,8,14742,mlops,0.000542667209333876
1-s2.0-S1566253521002414-main,32,14742,software engineering,0.002170668837335504
1-s2.0-S1566253521002414-main,37,14742,xai/tai,0.0025098358431691766
1-s2.0-S1566253521002414-main,99,14742,,0.006715506715506716
1-s2.0-S2214317316301287-main,0,663,,0.0
10-1108_REGE-06-2022-0100,23,10977,data science,0.002095290152136285
10-1108_REGE-06-2022-0100,4,10977,infrastructure,0.0003643982873280496
10-1108_REGE-06-2022-0100,5,10977,mlops,0.00045549785916006196
10-1108_REGE-06-2022-0100,50,10977,xai/tai,0.0045549785916006195
10-1108_REGE-06-2022-0100,82,10977,,0.007470164890225016
1480083.1480099,1,10014,data science,9.986019572598362e-05
1480083.1480099,1,10014,infrastructure,9.986019572598362e-05
1480083.1480099,34,10014,mlops,0.003395246654683443
1480083.1480099,11,10014,software engineering,0.00109846215298582
1480083.1480099,47,10014,,0.004693429199121231
15_1_581,14,5841,achitecture,0.002396849854476973
15_1_581,25,5841,cloud,0.004280089025851737
15_1_581,10,5841,data engineering,0.001712035610340695
15_1_581,8,5841,data science,0.001369628488272556
15_1_581,45,5841,infrastructure,0.007704160246533128
15_1_581,90,5841,mlops,0.015408320493066256
15_1_581,10,5841,software engineering,0.001712035610340695
15_1_581,1,5841,xai/tai,0.0001712035610340695
15_1_581,203,5841,,0.03475432288991611
1869750,11,28416,achitecture,0.00038710585585585586
1869750,33,28416,cloud,0.0011613175675675676
1869750,45,28416,data engineering,0.001583614864864865
1869750,3,28416,data science,0.00010557432432432433
1869750,64,28416,infrastructure,0.0022522522522522522
1869750,353,28416,mlops,0.012422578828828829
1869750,80,28416,software engineering,0.002815315315315315
1869750,4,28416,xai/tai,0.00014076576576576576
1869750,593,28416,,0.020868524774774775
2001005,0,1923,,0.0
2001055,0,11883,,0.0
2003.05155_121004,3,13740,cloud,0.0002183406113537118
2003.05155_121004,5,13740,data science,0.000363901018922853
2003.05155_121004,2,13740,infrastructure,0.0001455604075691412
2003.05155_121004,76,13740,mlops,0.005531295487627365
2003.05155_121004,7,13740,software engineering,0.0005094614264919942
2003.05155_121004,29,13740,xai/tai,0.0021106259097525473
2003.05155_121004,122,13740,,0.008879184861717612
2006.11371,8,28485,cloud,0.000280849569949096
2006.11371,92,28485,data science,0.003229770054414604
2006.11371,32,28485,mlops,0.001123398279796384
2006.11371,29,28485,software engineering,0.0010180796910654732
2006.11371,196,28485,xai/tai,0.006880814463752852
2006.11371,357,28485,,0.01253291205897841
2013 FCR Chuan Fertilizer recommendation wheat China,1,8457,infrastructure,0.00011824524062906468
2013 FCR Chuan Fertilizer recommendation wheat China,1,8457,,0.00011824524062906468
2021-2022-FileliChrysoula,46,46689,achitecture,0.0009852427766711646
2021-2022-FileliChrysoula,9,46689,cloud,0.00019276489108783655
2021-2022-FileliChrysoula,114,46689,data science,0.0024416886204459295
2021-2022-FileliChrysoula,263,46689,mlops,0.0056330184840112235
2021-2022-FileliChrysoula,4,46689,software engineering,8.567328492792735e-05
2021-2022-FileliChrysoula,27,46689,xai/tai,0.0005782946732635096
2021-2022-FileliChrysoula,463,46689,,0.00991668273040759
2102.07750,64,9891,mlops,0.006470528763522394
2102.07750,2,9891,software engineering,0.00020220402386007482
2102.07750,12,9891,xai/tai,0.001213224143160449
2102.07750,78,9891,,0.007885956930542918
2103.07950,2,10440,achitecture,0.00019157088122605365
2103.07950,3,10440,data engineering,0.00028735632183908046
2103.07950,3,10440,data science,0.00028735632183908046
2103.07950,39,10440,mlops,0.003735632183908046
2103.07950,73,10440,software engineering,0.006992337164750958
2103.07950,6,10440,xai/tai,0.0005747126436781609
2103.07950,126,10440,,0.01206896551724138
2107.00079,2,9117,data engineering,0.00021937040693210486
2107.00079,3,9117,data science,0.0003290556103981573
2107.00079,1,9117,infrastructure,0.00010968520346605243
2107.00079,52,9117,mlops,0.005703630580234726
2107.00079,11,9117,software engineering,0.0012065372381265768
2107.00079,5,9117,xai/tai,0.0005484260173302622
2107.00079,74,9117,,0.00811670505648788
2112.11925,2,6165,achitecture,0.00032441200324412003
2112.11925,16,6165,cloud,0.0025952960259529602
2112.11925,1,6165,data engineering,0.00016220600162206002
2112.11925,4,6165,data science,0.0006488240064882401
2112.11925,7,6165,infrastructure,0.0011354420113544202
2112.11925,59,6165,mlops,0.009570154095701541
2112.11925,7,6165,software engineering,0.0011354420113544202
2112.11925,96,6165,,0.015571776155717762
2201.00162,6,7476,cloud,0.0008025682182985554
2201.00162,1,7476,data science,0.00013376136971642589
2201.00162,2,7476,infrastructure,0.00026752273943285177
2201.00162,187,7476,mlops,0.025013376136971643
2201.00162,15,7476,xai/tai,0.0020064205457463883
2201.00162,211,7476,,0.028223649010165865
2201.04233,33,2631,data engineering,0.012542759407069556
2201.04233,1,2631,data science,0.0003800836183960471
2201.04233,7,2631,mlops,0.0026605853287723297
2201.04233,45,2631,software engineering,0.01710376282782212
2201.04233,86,2631,,0.03268719118206005
2201.04876,2,5778,cloud,0.00034614053305642093
2201.04876,2,5778,data engineering,0.00034614053305642093
2201.04876,1,5778,data science,0.00017307026652821047
2201.04876,9,5778,infrastructure,0.001557632398753894
2201.04876,71,5778,mlops,0.012287988923502942
2201.04876,33,5778,software engineering,0.005711318795430945
2201.04876,2,5778,xai/tai,0.00034614053305642093
2201.04876,120,5778,,0.020768431983385256
2202.03541,2,4407,achitecture,0.0004538234626730202
2202.03541,1,4407,cloud,0.0002269117313365101
2202.03541,25,4407,infrastructure,0.005672793283412752
2202.03541,145,4407,mlops,0.03290220104379397
2202.03541,1,4407,software engineering,0.0002269117313365101
2202.03541,1,4407,xai/tai,0.0002269117313365101
2202.03541,175,4407,,0.039709552983889264
2202.05505,5,40788,achitecture,0.0001225850740413847
2202.05505,3,40788,cloud,7.355104442483083e-05
2202.05505,3,40788,infrastructure,7.355104442483083e-05
2202.05505,72,40788,mlops,0.00176522506619594
2202.05505,552,40788,software engineering,0.013533392174168874
2202.05505,3,40788,xai/tai,7.355104442483083e-05
2202.05505,638,40788,,0.01564185544768069
2202.10169,2,7551,achitecture,0.00026486558071778574
2202.10169,12,7551,cloud,0.0015891934843067143
2202.10169,2,7551,data engineering,0.00026486558071778574
2202.10169,2,7551,data science,0.00026486558071778574
2202.10169,9,7551,infrastructure,0.0011918951132300357
2202.10169,198,7551,mlops,0.026221692491060787
2202.10169,5,7551,software engineering,0.0006621639517944643
2202.10169,230,7551,,0.030459541782545358
2204.13291,8,10497,cloud,0.0007621225111936744
2204.13291,32,10497,mlops,0.0030484900447746975
2204.13291,168,10497,software engineering,0.01600457273506716
2204.13291,10,10497,xai/tai,0.0009526531389920929
2204.13291,218,10497,,0.02076783843002763
2205.02302,25,12537,achitecture,0.001994097471484406
2205.02302,9,12537,cloud,0.0007178750897343862
2205.02302,2,12537,data engineering,0.00015952779771875248
2205.02302,36,12537,infrastructure,0.002871500358937545
2205.02302,271,12537,mlops,0.021616016590890963
2205.02302,19,12537,software engineering,0.0015155140783281486
2205.02302,4,12537,xai/tai,0.00031905559543750497
2205.02302,366,12537,,0.029193586982531706
2205.02302_120954,25,12537,achitecture,0.001994097471484406
2205.02302_120954,9,12537,cloud,0.0007178750897343862
2205.02302_120954,2,12537,data engineering,0.00015952779771875248
2205.02302_120954,36,12537,infrastructure,0.002871500358937545
2205.02302_120954,271,12537,mlops,0.021616016590890963
2205.02302_120954,19,12537,software engineering,0.0015155140783281486
2205.02302_120954,4,12537,xai/tai,0.00031905559543750497
2205.02302_120954,366,12537,,0.029193586982531706
2205.14664,56,3912,cloud,0.014314928425357873
2205.14664,6,3912,data science,0.0015337423312883436
2205.14664,4,3912,mlops,0.0010224948875255625
2205.14664,6,3912,software engineering,0.0015337423312883436
2205.14664,72,3912,,0.018404907975460124
2206.03809,2,7701,data science,0.0002597065316192702
2206.03809,6,7701,mlops,0.0007791195948578107
2206.03809,26,7701,software engineering,0.0033761849110505128
2206.03809,34,7701,,0.004415011037527594
2209.03499,3,7338,data science,0.0004088307440719542
2209.03499,5,7338,mlops,0.000681384573453257
2209.03499,170,7338,xai/tai,0.02316707549741074
2209.03499,178,7338,,0.02425729081493595
2209.04963,12,26721,achitecture,0.0004490849893342315
2209.04963,4,26721,cloud,0.00014969499644474382
2209.04963,1,26721,data engineering,3.7423749111185956e-05
2209.04963,3,26721,infrastructure,0.00011227124733355787
2209.04963,94,26721,mlops,0.0035178324164514803
2209.04963,117,26721,software engineering,0.004378578646008757
2209.04963,90,26721,xai/tai,0.003368137420006736
2209.04963,321,26721,,0.012013023464690693
2209.07282,3,10860,cloud,0.00027624309392265195
2209.07282,21,10860,data science,0.0019337016574585636
2209.07282,5,10860,infrastructure,0.00046040515653775324
2209.07282,48,10860,mlops,0.004419889502762431
2209.07282,32,10860,software engineering,0.0029465930018416206
2209.07282,2,10860,xai/tai,0.00018416206261510129
2209.07282,111,10860,,0.010220994475138122
2209.09125,9,21891,achitecture,0.0004111278607646978
2209.09125,6,21891,cloud,0.0002740852405097985
2209.09125,1,21891,data engineering,4.568087341829976e-05
2209.09125,7,21891,data science,0.0003197661139280983
2209.09125,1,21891,infrastructure,4.568087341829976e-05
2209.09125,213,21891,mlops,0.009730026038097849
2209.09125,6,21891,software engineering,0.0002740852405097985
2209.09125,1,21891,xai/tai,4.568087341829976e-05
2209.09125,244,21891,,0.011146133114065142
2209.10785_121037,2,9768,achitecture,0.00020475020475020476
2209.10785_121037,9,9768,cloud,0.0009213759213759214
2209.10785_121037,47,9768,data science,0.0048116298116298115
2209.10785_121037,9,9768,infrastructure,0.0009213759213759214
2209.10785_121037,27,9768,mlops,0.002764127764127764
2209.10785_121037,4,9768,software engineering,0.0004095004095004095
2209.10785_121037,98,9768,,0.010032760032760032
2210.02795,17,13185,mlops,0.0012893439514599925
2210.02795,6,13185,software engineering,0.0004550625711035267
2210.02795,205,13185,xai/tai,0.015547971179370497
2210.02795,228,13185,,0.017292377701934016
2210.03286,3,6177,achitecture,0.00048567265662943174
2210.03286,32,6177,cloud,0.0051805083373806056
2210.03286,3,6177,data science,0.00048567265662943174
2210.03286,30,6177,mlops,0.0048567265662943174
2210.03286,35,6177,software engineering,0.005666180994010037
2210.03286,2,6177,xai/tai,0.00032378177108628785
2210.03286,105,6177,,0.016998542982030112
2210.03527,1,6012,cloud,0.00016633399866932801
2210.03527,1,6012,data science,0.00016633399866932801
2210.03527,8,6012,mlops,0.0013306719893546241
2210.03527,69,6012,xai/tai,0.011477045908183632
2210.03527,79,6012,,0.013140385894876913
2210.06956,29,9189,achitecture,0.003155947328327348
2210.06956,16,9189,cloud,0.0017412123190771575
2210.06956,1,9189,data engineering,0.00010882576994232234
2210.06956,59,9189,infrastructure,0.0064207204265970185
2210.06956,112,9189,mlops,0.012188486233540102
2210.06956,2,9189,software engineering,0.0002176515398846447
2210.06956,219,9189,,0.023832843617368593
2210.11584,6,21231,data science,0.00028260562385191464
2210.11584,6,21231,infrastructure,0.00028260562385191464
2210.11584,26,21231,mlops,0.0012246243700249635
2210.11584,3,21231,software engineering,0.00014130281192595732
2210.11584,172,21231,xai/tai,0.00810136121708822
2210.11584,213,21231,,0.01003249964674297
2210.13594,2,25182,achitecture,7.942180922881423e-05
2210.13594,1,25182,infrastructure,3.9710904614407116e-05
2210.13594,45,25182,mlops,0.0017869907076483202
2210.13594,2,25182,software engineering,7.942180922881423e-05
2210.13594,5,25182,xai/tai,0.0001985545230720356
2210.13594,55,25182,,0.0021840997537923915
2210.17291,11,8469,achitecture,0.001298854646357303
2210.17291,14,8469,cloud,0.0016530877317274767
2210.17291,1,8469,data science,0.0001180776951233912
2210.17291,4,8469,infrastructure,0.0004723107804935648
2210.17291,27,8469,mlops,0.003188097768331562
2210.17291,13,8469,software engineering,0.0015350100366040855
2210.17291,16,8469,xai/tai,0.0018892431219742591
2210.17291,86,8469,,0.010154681780611642
2242_40867_1,2,3780,mlops,0.0005291005291005291
2242_40867_1,2,3780,,0.0005291005291005291
2242_40886_1,0,7761,,0.0
2242_40887_1,0,1347,,0.0
2242_41426_1,0,534,,0.0
23642,23,11337,achitecture,0.0020287554026638442
23642,5,11337,cloud,0.0004410337831877922
23642,2,11337,data science,0.00017641351327511687
23642,42,11337,infrastructure,0.0037046837787774543
23642,169,11337,mlops,0.014906941871747376
23642,20,11337,software engineering,0.0017641351327511688
23642,4,11337,xai/tai,0.00035282702655023375
23642,265,11337,,0.023374790508952987
2826-Article Text-4116-2-10-20220219,1,3243,achitecture,0.0003083564600678384
2826-Article Text-4116-2-10-20220219,1,3243,data science,0.0003083564600678384
2826-Article Text-4116-2-10-20220219,158,3243,mlops,0.04872032069071847
2826-Article Text-4116-2-10-20220219,3,3243,xai/tai,0.0009250693802035153
2826-Article Text-4116-2-10-20220219,163,3243,,0.05026210299105766
3402942.3402953,7,5634,infrastructure,0.0012424565140220093
3402942.3402953,11,5634,software engineering,0.0019524316648917288
3402942.3402953,18,5634,,0.003194888178913738
3511808.3557247,2,12957,data science,0.00015435671837616733
3511808.3557247,18,12957,mlops,0.0013892104653855058
3511808.3557247,5,12957,software engineering,0.0003858917959404183
3511808.3557247,206,12957,xai/tai,0.015898741992745234
3511808.3557247,231,12957,,0.017828200972447326
38874-anastrophic-architecture-how-to-operationalize-architecture-to-design-time (1),9,7770,data science,0.0011583011583011582
38874-anastrophic-architecture-how-to-operationalize-architecture-to-design-time (1),1,7770,infrastructure,0.0001287001287001287
38874-anastrophic-architecture-how-to-operationalize-architecture-to-design-time (1),3,7770,mlops,0.0003861003861003861
38874-anastrophic-architecture-how-to-operationalize-architecture-to-design-time (1),59,7770,software engineering,0.007593307593307594
38874-anastrophic-architecture-how-to-operationalize-architecture-to-design-time (1),5,7770,xai/tai,0.0006435006435006435
38874-anastrophic-architecture-how-to-operationalize-architecture-to-design-time (1),77,7770,,0.00990990990990991
38874-anastrophic-architecture-how-to-operationalize-architecture-to-design-time,9,7770,data science,0.0011583011583011582
38874-anastrophic-architecture-how-to-operationalize-architecture-to-design-time,1,7770,infrastructure,0.0001287001287001287
38874-anastrophic-architecture-how-to-operationalize-architecture-to-design-time,3,7770,mlops,0.0003861003861003861
38874-anastrophic-architecture-how-to-operationalize-architecture-to-design-time,59,7770,software engineering,0.007593307593307594
38874-anastrophic-architecture-how-to-operationalize-architecture-to-design-time,5,7770,xai/tai,0.0006435006435006435
38874-anastrophic-architecture-how-to-operationalize-architecture-to-design-time,77,7770,,0.00990990990990991
593254,1,6915,cloud,0.00014461315979754158
593254,27,6915,data science,0.0039045553145336228
593254,3,6915,infrastructure,0.0004338394793926247
593254,1,6915,mlops,0.00014461315979754158
593254,44,6915,software engineering,0.006362979031091829
593254,1,6915,xai/tai,0.00014461315979754158
593254,77,6915,,0.011135213304410701
AAAI06-293_121011,5,9846,infrastructure,0.0005078204346942921
AAAI06-293_121011,8,9846,mlops,0.0008125126955108674
AAAI06-293_121011,15,9846,software engineering,0.0015234613040828763
AAAI06-293_121011,83,9846,xai/tai,0.008429819215925248
AAAI06-293_121011,111,9846,,0.011273613650213284
abstract,3,6549,data science,0.0004580852038479157
abstract,1,6549,infrastructure,0.00015269506794930523
abstract,3,6549,mlops,0.0004580852038479157
abstract,8,6549,xai/tai,0.0012215605435944418
abstract,15,6549,,0.0022904260192395786
ajassp.2021.152.164,4,11334,achitecture,0.0003529204164460914
ajassp.2021.152.164,11,11334,cloud,0.0009705311452267514
ajassp.2021.152.164,2,11334,data engineering,0.0001764602082230457
ajassp.2021.152.164,3,11334,data science,0.00026469031233456857
ajassp.2021.152.164,5,11334,infrastructure,0.0004411505205576143
ajassp.2021.152.164,150,11334,mlops,0.013234515616728428
ajassp.2021.152.164,58,11334,software engineering,0.005117346038468326
ajassp.2021.152.164,233,11334,,0.020557614257984823
applsci-11-08861-v2,10,30858,achitecture,0.0003240650722665111
applsci-11-08861-v2,24,30858,cloud,0.0007777561734396267
applsci-11-08861-v2,3,30858,data engineering,9.721952167995334e-05
applsci-11-08861-v2,16,30858,data science,0.0005185041156264178
applsci-11-08861-v2,38,30858,infrastructure,0.0012314472746127421
applsci-11-08861-v2,481,30858,mlops,0.015587529976019185
applsci-11-08861-v2,12,30858,software engineering,0.00038887808671981335
applsci-11-08861-v2,13,30858,xai/tai,0.00042128459394646445
applsci-11-08861-v2,597,30858,,0.019346684814310712
A_canopy_approach_to_nitrogen_fertilizer20160131-3248-ehh8b2-with-cover-page-v2,3,10161,infrastructure,0.0002952465308532625
A_canopy_approach_to_nitrogen_fertilizer20160131-3248-ehh8b2-with-cover-page-v2,1,10161,mlops,9.841551028442082e-05
A_canopy_approach_to_nitrogen_fertilizer20160131-3248-ehh8b2-with-cover-page-v2,6,10161,xai/tai,0.000590493061706525
A_canopy_approach_to_nitrogen_fertilizer20160131-3248-ehh8b2-with-cover-page-v2,10,10161,,0.0009841551028442082
Best Practice_ 5 Schritte zur Minimum Viable Enterprise Architecture - cio.de,9,5592,software engineering,0.001609442060085837
Best Practice_ 5 Schritte zur Minimum Viable Enterprise Architecture - cio.de,1,5592,xai/tai,0.000178826895565093
Best Practice_ 5 Schritte zur Minimum Viable Enterprise Architecture - cio.de,10,5592,,0.00178826895565093
C1-4,6,10563,achitecture,0.0005680204487361545
C1-4,16,10563,cloud,0.0015147211966297454
C1-4,4,10563,data engineering,0.00037868029915743634
C1-4,3,10563,data science,0.00028401022436807724
C1-4,6,10563,infrastructure,0.0005680204487361545
C1-4,110,10563,mlops,0.010413708226829499
C1-4,40,10563,software engineering,0.0037868029915743636
C1-4,2,10563,xai/tai,0.00018934014957871817
C1-4,187,10563,,0.01770330398561015
C8-5,1,3291,data science,0.00030385900941962927
C8-5,3,3291,infrastructure,0.0009115770282588879
C8-5,3,3291,mlops,0.0009115770282588879
C8-5,10,3291,software engineering,0.003038590094196293
C8-5,17,3291,,0.005165603160133698
CHI_TRAIT_2022_Paper_42_121033,3,6549,data science,0.0004580852038479157
CHI_TRAIT_2022_Paper_42_121033,1,6549,infrastructure,0.00015269506794930523
CHI_TRAIT_2022_Paper_42_121033,3,6549,mlops,0.0004580852038479157
CHI_TRAIT_2022_Paper_42_121033,8,6549,xai/tai,0.0012215605435944418
CHI_TRAIT_2022_Paper_42_121033,15,6549,,0.0022904260192395786
cidr2021_paper26,5,9735,infrastructure,0.0005136106831022085
cidr2021_paper26,25,9735,mlops,0.0025680534155110425
cidr2021_paper26,1,9735,software engineering,0.00010272213662044171
cidr2021_paper26,4,9735,xai/tai,0.00041088854648176684
cidr2021_paper26,35,9735,,0.0035952747817154596
CIN2022-1375009,3,12009,cloud,0.0002498126405196103
CIN2022-1375009,2,12009,data science,0.00016654176034640685
CIN2022-1375009,5,12009,infrastructure,0.00041635440086601716
CIN2022-1375009,18,12009,mlops,0.0014988758431176618
CIN2022-1375009,12,12009,software engineering,0.0009992505620784412
CIN2022-1375009,1,12009,xai/tai,8.327088017320343e-05
CIN2022-1375009,41,12009,,0.0034141060871013405
CSE 21-135 Nazir,10,30627,achitecture,0.00032650928918927745
CSE 21-135 Nazir,6,30627,cloud,0.00019590557351356646
CSE 21-135 Nazir,2,30627,data engineering,6.530185783785548e-05
CSE 21-135 Nazir,18,30627,data science,0.0005877167205406994
CSE 21-135 Nazir,13,30627,infrastructure,0.00042446207594606065
CSE 21-135 Nazir,123,30627,mlops,0.004016064257028112
CSE 21-135 Nazir,256,30627,software engineering,0.008358637803245502
CSE 21-135 Nazir,12,30627,xai/tai,0.0003918111470271329
CSE 21-135 Nazir,440,30627,,0.014366408724328207
DistributedarchitectureofanIDS,9,6759,cloud,0.0013315579227696406
DistributedarchitectureofanIDS,2,6759,data engineering,0.00029590176061547566
DistributedarchitectureofanIDS,17,6759,data science,0.002515164965231543
DistributedarchitectureofanIDS,6,6759,infrastructure,0.000887705281846427
DistributedarchitectureofanIDS,29,6759,mlops,0.004290575528924397
DistributedarchitectureofanIDS,6,6759,software engineering,0.000887705281846427
DistributedarchitectureofanIDS,1,6759,xai/tai,0.00014795088030773783
DistributedarchitectureofanIDS,70,6759,,0.010356561621541648
elb-12-11-05,1,5418,data science,0.00018456995201181247
elb-12-11-05,1,5418,infrastructure,0.00018456995201181247
elb-12-11-05,47,5418,mlops,0.008674787744555186
elb-12-11-05,99,5418,software engineering,0.018272425249169437
elb-12-11-05,148,5418,,0.027316352897748246
Euro J of Education - 2022 - Holmes - State of the art and practice in AI in education,2,23832,achitecture,8.392077878482712e-05
Euro J of Education - 2022 - Holmes - State of the art and practice in AI in education,5,23832,cloud,0.0002098019469620678
Euro J of Education - 2022 - Holmes - State of the art and practice in AI in education,16,23832,data science,0.000671366230278617
Euro J of Education - 2022 - Holmes - State of the art and practice in AI in education,10,23832,infrastructure,0.0004196038939241356
Euro J of Education - 2022 - Holmes - State of the art and practice in AI in education,28,23832,mlops,0.0011748909029875797
Euro J of Education - 2022 - Holmes - State of the art and practice in AI in education,8,23832,software engineering,0.0003356831151393085
Euro J of Education - 2022 - Holmes - State of the art and practice in AI in education,14,23832,xai/tai,0.0005874454514937899
Euro J of Education - 2022 - Holmes - State of the art and practice in AI in education,83,23832,,0.0034827123195703257
Francesco_Maffezzoli_Thesis,6,37911,cloud,0.0001582654110944053
Francesco_Maffezzoli_Thesis,282,37911,data science,0.00743847432143705
Francesco_Maffezzoli_Thesis,10,37911,infrastructure,0.0002637756851573422
Francesco_Maffezzoli_Thesis,19,37911,mlops,0.0005011738017989502
Francesco_Maffezzoli_Thesis,47,37911,software engineering,0.0012397457202395082
Francesco_Maffezzoli_Thesis,91,37911,xai/tai,0.002400358734931814
Francesco_Maffezzoli_Thesis,455,37911,,0.01200179367465907
Gusenbauern and Haddaway_2019_Which academic search systems are suitable,4,32850,infrastructure,0.000121765601217656
Gusenbauern and Haddaway_2019_Which academic search systems are suitable,27,32850,mlops,0.0008219178082191781
Gusenbauern and Haddaway_2019_Which academic search systems are suitable,4,32850,xai/tai,0.000121765601217656
Gusenbauern and Haddaway_2019_Which academic search systems are suitable,35,32850,,0.00106544901065449
hi,8,5424,mlops,0.0014749262536873156
hi,8,5424,,0.0014749262536873156
IC2E_Edge_MLOps,5,12393,achitecture,0.0004034535624949568
IC2E_Edge_MLOps,405,12393,cloud,0.032679738562091505
IC2E_Edge_MLOps,2,12393,data science,0.00016138142499798273
IC2E_Edge_MLOps,48,12393,infrastructure,0.0038731541999515854
IC2E_Edge_MLOps,197,12393,mlops,0.0158960703623013
IC2E_Edge_MLOps,7,12393,software engineering,0.0005648349874929396
IC2E_Edge_MLOps,11,12393,xai/tai,0.000887597837488905
IC2E_Edge_MLOps,675,12393,,0.054466230936819175
information-13-00459_121113,20,7563,cloud,0.002644453259288642
information-13-00459_121113,7,7563,data science,0.0009255586407510248
information-13-00459_121113,1,7563,infrastructure,0.0001322226629644321
information-13-00459_121113,16,7563,mlops,0.002115562607430914
information-13-00459_121113,1,7563,software engineering,0.0001322226629644321
information-13-00459_121113,73,7563,xai/tai,0.009652254396403544
information-13-00459_121113,118,7563,,0.015602274229802988
infrastructures-07-00137-v2,119,23373,achitecture,0.005091344713986224
infrastructures-07-00137-v2,10,23373,cloud,0.00042784409361228766
infrastructures-07-00137-v2,22,23373,data science,0.0009412570059470329
infrastructures-07-00137-v2,2,23373,infrastructure,8.556881872245754e-05
infrastructures-07-00137-v2,29,23373,mlops,0.0012407478714756342
infrastructures-07-00137-v2,2,23373,software engineering,8.556881872245754e-05
infrastructures-07-00137-v2,3,23373,xai/tai,0.0001283532280836863
infrastructures-07-00137-v2,187,23373,,0.00800068455054978
istfa2022p0036,3,6249,achitecture,0.00048007681228996637
istfa2022p0036,2,6249,cloud,0.0003200512081933109
istfa2022p0036,3,6249,data science,0.00048007681228996637
istfa2022p0036,9,6249,infrastructure,0.0014402304368698992
istfa2022p0036,17,6249,mlops,0.002720435269643143
istfa2022p0036,8,6249,software engineering,0.0012802048327732437
istfa2022p0036,42,6249,,0.00672107537205953
machine-learning-in-production-from-experimented-ml-model-to-system (1),1,9627,achitecture,0.00010387451958034694
machine-learning-in-production-from-experimented-ml-model-to-system (1),5,9627,cloud,0.0005193725979017347
machine-learning-in-production-from-experimented-ml-model-to-system (1),4,9627,data engineering,0.00041549807832138777
machine-learning-in-production-from-experimented-ml-model-to-system (1),28,9627,data science,0.0029084865482497143
machine-learning-in-production-from-experimented-ml-model-to-system (1),11,9627,infrastructure,0.0011426197153838163
machine-learning-in-production-from-experimented-ml-model-to-system (1),107,9627,mlops,0.011114573595097123
machine-learning-in-production-from-experimented-ml-model-to-system (1),23,9627,software engineering,0.0023891139503479796
machine-learning-in-production-from-experimented-ml-model-to-system (1),4,9627,xai/tai,0.00041549807832138777
machine-learning-in-production-from-experimented-ml-model-to-system (1),183,9627,,0.01900903708320349
Martin-Martin et al_2018_Google scholar web of science,3,11478,infrastructure,0.00026136957658128593
Martin-Martin et al_2018_Google scholar web of science,2,11478,mlops,0.00017424638438752395
Martin-Martin et al_2018_Google scholar web of science,1,11478,software engineering,8.712319219376198e-05
Martin-Martin et al_2018_Google scholar web of science,6,11478,,0.0005227391531625719
master_Stening_Joel_2022,3,27102,achitecture,0.00011069293779056896
master_Stening_Joel_2022,29,27102,cloud,0.0010700317319755
master_Stening_Joel_2022,17,27102,data science,0.0006272599808132242
master_Stening_Joel_2022,95,27102,infrastructure,0.003505276363368017
master_Stening_Joel_2022,316,27102,mlops,0.011659656113939931
master_Stening_Joel_2022,19,27102,software engineering,0.0007010552726736034
master_Stening_Joel_2022,5,27102,xai/tai,0.00018448822965094828
master_Stening_Joel_2022,484,27102,,0.017858460630211792
MScthesis_Yizhen_Zhao,10,29412,achitecture,0.0003399972800217598
MScthesis_Yizhen_Zhao,77,29412,cloud,0.0026179790561675505
MScthesis_Yizhen_Zhao,3,29412,data science,0.00010199918400652795
MScthesis_Yizhen_Zhao,54,29412,infrastructure,0.0018359853121175031
MScthesis_Yizhen_Zhao,367,29412,mlops,0.012477900176798586
MScthesis_Yizhen_Zhao,26,29412,software engineering,0.0008839929280565755
MScthesis_Yizhen_Zhao,2,29412,xai/tai,6.799945600435197e-05
MScthesis_Yizhen_Zhao,539,29412,,0.018325853393172855
neurips_2022mlops_121116,3,2907,cloud,0.0010319917440660474
neurips_2022mlops_121116,1,2907,data science,0.0003439972480220158
neurips_2022mlops_121116,33,2907,mlops,0.011351909184726523
neurips_2022mlops_121116,1,2907,software engineering,0.0003439972480220158
neurips_2022mlops_121116,1,2907,xai/tai,0.0003439972480220158
neurips_2022mlops_121116,39,2907,,0.013415892672858616
no.ntnu_inspera_112046434_35283738,1,16896,cloud,5.918560606060606e-05
no.ntnu_inspera_112046434_35283738,21,16896,data science,0.0012428977272727273
no.ntnu_inspera_112046434_35283738,1,16896,infrastructure,5.918560606060606e-05
no.ntnu_inspera_112046434_35283738,39,16896,mlops,0.0023082386363636365
no.ntnu_inspera_112046434_35283738,3,16896,software engineering,0.0001775568181818182
no.ntnu_inspera_112046434_35283738,105,16896,xai/tai,0.006214488636363636
no.ntnu_inspera_112046434_35283738,170,16896,,0.01006155303030303
no.ntnu_inspera_76427839_35170985,7,72342,achitecture,9.676259987282629e-05
no.ntnu_inspera_76427839_35170985,24,72342,cloud,0.0003317574852782616
no.ntnu_inspera_76427839_35170985,7,72342,data engineering,9.676259987282629e-05
no.ntnu_inspera_76427839_35170985,193,72342,data science,0.002667883110779354
no.ntnu_inspera_76427839_35170985,51,72342,infrastructure,0.0007049846562163059
no.ntnu_inspera_76427839_35170985,634,72342,mlops,0.008763926902767411
no.ntnu_inspera_76427839_35170985,46,72342,software engineering,0.0006358685134500014
no.ntnu_inspera_76427839_35170985,23,72342,xai/tai,0.0003179342567250007
no.ntnu_inspera_76427839_35170985,985,72342,,0.013615880124961986
Poster_Summer_School_20225,66,3012,cloud,0.021912350597609563
Poster_Summer_School_20225,5,3012,data science,0.0016600265604249668
Poster_Summer_School_20225,6,3012,infrastructure,0.00199203187250996
Poster_Summer_School_20225,16,3012,mlops,0.005312084993359893
Poster_Summer_School_20225,1,3012,software engineering,0.00033200531208499334
Poster_Summer_School_20225,94,3012,,0.031208499335989376
screenshot,11,14703,achitecture,0.0007481466367408012
screenshot,8,14703,cloud,0.0005441066449024008
screenshot,19,14703,data science,0.001292253281643202
screenshot,18,14703,infrastructure,0.001224239951030402
screenshot,14,14703,mlops,0.0009521866285792015
screenshot,1,14703,software engineering,6.80133306128001e-05
screenshot,3,14703,xai/tai,0.00020403999183840033
screenshot,74,14703,,0.005032986465347208
sensors-22-04425-v2,87,19404,achitecture,0.004483611626468769
sensors-22-04425-v2,127,19404,cloud,0.006545042259327973
sensors-22-04425-v2,3,19404,data science,0.00015460729746444033
sensors-22-04425-v2,32,19404,infrastructure,0.0016491445062873633
sensors-22-04425-v2,244,19404,mlops,0.012574726860441147
sensors-22-04425-v2,9,19404,software engineering,0.00046382189239332097
sensors-22-04425-v2,3,19404,xai/tai,0.00015460729746444033
sensors-22-04425-v2,505,19404,,0.026025561739847453
Snyder_2019_Literature review as a research methodology_an overview and guidelines,5,12027,cloud,0.00041573127130622767
Snyder_2019_Literature review as a research methodology_an overview and guidelines,2,12027,mlops,0.00016629250852249106
Snyder_2019_Literature review as a research methodology_an overview and guidelines,2,12027,software engineering,0.00016629250852249106
Snyder_2019_Literature review as a research methodology_an overview and guidelines,4,12027,xai/tai,0.0003325850170449821
Snyder_2019_Literature review as a research methodology_an overview and guidelines,13,12027,,0.0010809013053961918
SS08-02-008,4,7461,mlops,0.0005361211633829246
SS08-02-008,8,7461,software engineering,0.0010722423267658491
SS08-02-008,12,7461,,0.0016083634901487736
TDS_AI+Hardware+Ecosystem_AG_ST_AR_v1.0,11,10164,achitecture,0.0010822510822510823
TDS_AI+Hardware+Ecosystem_AG_ST_AR_v1.0,24,10164,cloud,0.0023612750885478157
TDS_AI+Hardware+Ecosystem_AG_ST_AR_v1.0,12,10164,data science,0.0011806375442739079
TDS_AI+Hardware+Ecosystem_AG_ST_AR_v1.0,21,10164,mlops,0.002066115702479339
TDS_AI+Hardware+Ecosystem_AG_ST_AR_v1.0,10,10164,software engineering,0.0009838646202282567
TDS_AI+Hardware+Ecosystem_AG_ST_AR_v1.0,6,10164,xai/tai,0.0005903187721369539
TDS_AI+Hardware+Ecosystem_AG_ST_AR_v1.0,84,10164,,0.008264462809917356
tesi_enrico_salvucci,17,21114,achitecture,0.0008051529790660225
tesi_enrico_salvucci,25,21114,cloud,0.0011840484986265038
tesi_enrico_salvucci,2,21114,data engineering,9.47238798901203e-05
tesi_enrico_salvucci,2,21114,data science,9.47238798901203e-05
tesi_enrico_salvucci,77,21114,infrastructure,0.0036468693757696316
tesi_enrico_salvucci,490,21114,mlops,0.023207350573079474
tesi_enrico_salvucci,41,21114,software engineering,0.0019418395377474662
tesi_enrico_salvucci,12,21114,xai/tai,0.0005683432793407218
tesi_enrico_salvucci,666,21114,,0.03154305200341006
The%20AI%20Architecture%20of%20Versu,9,22050,infrastructure,0.00040816326530612246
The%20AI%20Architecture%20of%20Versu,12,22050,mlops,0.0005442176870748299
The%20AI%20Architecture%20of%20Versu,29,22050,software engineering,0.0013151927437641724
The%20AI%20Architecture%20of%20Versu,6,22050,xai/tai,0.00027210884353741496
The%20AI%20Architecture%20of%20Versu,56,22050,,0.0025396825396825397
TIA019_Linnea Lundblad & Tilda Olsson,11,18231,achitecture,0.0006033678898579342
TIA019_Linnea Lundblad & Tilda Olsson,5,18231,cloud,0.0002742581317536065
TIA019_Linnea Lundblad & Tilda Olsson,3,18231,data engineering,0.0001645548790521639
TIA019_Linnea Lundblad & Tilda Olsson,14,18231,data science,0.0007679227689100982
TIA019_Linnea Lundblad & Tilda Olsson,2,18231,infrastructure,0.00010970325270144259
TIA019_Linnea Lundblad & Tilda Olsson,69,18231,mlops,0.0037847622181997696
TIA019_Linnea Lundblad & Tilda Olsson,7,18231,software engineering,0.0003839613844550491
TIA019_Linnea Lundblad & Tilda Olsson,5,18231,xai/tai,0.0002742581317536065
TIA019_Linnea Lundblad & Tilda Olsson,116,18231,,0.00636278865668367
VEDLIoT_Deliverable_D2.1_v1.0_submitted,5,36147,achitecture,0.00013832406562093674
VEDLIoT_Deliverable_D2.1_v1.0_submitted,18,36147,cloud,0.0004979666362353722
VEDLIoT_Deliverable_D2.1_v1.0_submitted,1,36147,data engineering,2.7664813124187345e-05
VEDLIoT_Deliverable_D2.1_v1.0_submitted,57,36147,data science,0.0015768943480786786
VEDLIoT_Deliverable_D2.1_v1.0_submitted,12,36147,infrastructure,0.00033197775749024816
VEDLIoT_Deliverable_D2.1_v1.0_submitted,160,36147,mlops,0.004426370099869976
VEDLIoT_Deliverable_D2.1_v1.0_submitted,193,36147,software engineering,0.005339308932968158
VEDLIoT_Deliverable_D2.1_v1.0_submitted,30,36147,xai/tai,0.0008299443937256204
VEDLIoT_Deliverable_D2.1_v1.0_submitted,476,36147,,0.013168451047113177
White_Paper_BWL_DL_Leyer_Vol3_Nr6_DE,4,3825,cloud,0.0010457516339869282
White_Paper_BWL_DL_Leyer_Vol3_Nr6_DE,14,3825,mlops,0.0036601307189542483
White_Paper_BWL_DL_Leyer_Vol3_Nr6_DE,18,3825,,0.004705882352941176
Why-a-Hybrid-Approach-to-MLOps-is-Best_121043,2,1137,achitecture,0.001759014951627089
Why-a-Hybrid-Approach-to-MLOps-is-Best_121043,3,1137,cloud,0.002638522427440633
Why-a-Hybrid-Approach-to-MLOps-is-Best_121043,1,1137,infrastructure,0.0008795074758135445
Why-a-Hybrid-Approach-to-MLOps-is-Best_121043,20,1137,mlops,0.01759014951627089
Why-a-Hybrid-Approach-to-MLOps-is-Best_121043,1,1137,software engineering,0.0008795074758135445
Why-a-Hybrid-Approach-to-MLOps-is-Best_121043,2,1137,xai/tai,0.001759014951627089
Why-a-Hybrid-Approach-to-MLOps-is-Best_121043,29,1137,,0.025505716798592787
WS5Paper10,14,4266,cloud,0.0032817627754336614
WS5Paper10,3,4266,data science,0.0007032348804500703
WS5Paper10,3,4266,infrastructure,0.0007032348804500703
WS5Paper10,12,4266,mlops,0.0028129395218002813
WS5Paper10,15,4266,software engineering,0.0035161744022503515
WS5Paper10,13,4266,xai/tai,0.0030473511486169714
WS5Paper10,60,4266,,0.014064697609001406
XuRunyu_Summer2020,28,19614,achitecture,0.0014275517487508922
XuRunyu_Summer2020,113,19614,cloud,0.005761190986030386
XuRunyu_Summer2020,11,19614,data science,0.0005608239012949934
XuRunyu_Summer2020,67,19614,infrastructure,0.0034159273987967777
XuRunyu_Summer2020,195,19614,mlops,0.009941878250229429
XuRunyu_Summer2020,63,19614,software engineering,0.0032119914346895075
XuRunyu_Summer2020,4,19614,xai/tai,0.00020393596410727031
XuRunyu_Summer2020,481,19614,,0.024523299683899255
ZTA_Survey,8,18888,achitecture,0.00042354934349851756
ZTA_Survey,20,18888,cloud,0.0010588733587462938
ZTA_Survey,32,18888,data science,0.0016941973739940702
ZTA_Survey,40,18888,infrastructure,0.0021177467174925877
ZTA_Survey,167,18888,mlops,0.008841592545531555
ZTA_Survey,37,18888,software engineering,0.001958915713680644
ZTA_Survey,3,18888,xai/tai,0.0001588310038119441
ZTA_Survey,307,18888,,0.01625370605675561
